{
  "providers": {
    "awscloudformation": {
      "AuthRoleName": "amplify-amplifyreactapp-dev-baf7c-authRole",
      "UnauthRoleArn": "arn:aws:iam::713881813894:role/amplify-amplifyreactapp-dev-baf7c-unauthRole",
      "AuthRoleArn": "arn:aws:iam::713881813894:role/amplify-amplifyreactapp-dev-baf7c-authRole",
      "Region": "us-east-1",
      "DeploymentBucketName": "amplify-amplifyreactapp-dev-baf7c-deployment",
      "UnauthRoleName": "amplify-amplifyreactapp-dev-baf7c-unauthRole",
      "StackName": "amplify-amplifyreactapp-dev-baf7c",
      "StackId": "arn:aws:cloudformation:us-east-1:713881813894:stack/amplify-amplifyreactapp-dev-baf7c/f1ea9f80-3bda-11f0-918e-0affe60c8819",
      "AmplifyAppId": "d3alfc4np82wva"
    }
  },
  "api": {
    "planapi": {
      "dependsOn": [
        {
          "attributes": [
            "UserPoolId"
          ],
          "category": "auth",
          "resourceName": "amplifyreactappd7c0f353"
        }
      ],
      "output": {
        "authConfig": {
          "additionalAuthenticationProviders": [
            {
              "authenticationType": "API_KEY",
              "apiKeyConfig": {
                "apiKeyExpirationDays": 7,
                "apiKeyExpirationDate": "2025-06-04T18:59:16.376Z",
                "description": ""
              }
            }
          ],
          "defaultAuthentication": {
            "authenticationType": "AMAZON_COGNITO_USER_POOLS",
            "userPoolConfig": {
              "userPoolId": "authamplifyreactappd7c0f353"
            }
          }
        },
        "GraphQLAPIIdOutput": "5dyqdsa3xzeutjzy4uatnwl6mi",
        "GraphQLAPIEndpointOutput": "https://buesw6fpdbb45clhhstrkcx4ua.appsync-api.us-east-1.amazonaws.com/graphql",
        "GraphQLAPIKeyOutput": "da2-2duc5kmjkbgchdbckkfz5aq5bm"
      },
      "providerPlugin": "awscloudformation",
      "service": "AppSync",
      "lastPushTimeStamp": "2025-05-29T08:18:21.788Z",
      "providerMetadata": {
        "s3TemplateURL": "https://s3.amazonaws.com/amplify-amplifyreactapp-dev-baf7c-deployment/amplify-cfn-templates/api/cloudformation-template.json",
        "logicalId": "apiplanapi"
      },
      "lastPushDirHash": "LJBxNI7xblk2Tn5Ys5Rni1CXv4k="
    }
  },
  "auth": {
    "amplifyreactappd7c0f353": {
      "customAuth": false,
      "dependsOn": [],
      "frontendAuthConfig": {
        "mfaConfiguration": "OFF",
        "mfaTypes": [
          "SMS"
        ],
        "passwordProtectionSettings": {
          "passwordPolicyMinLength": 8,
          "passwordPolicyCharacters": []
        },
        "signupAttributes": [
          "EMAIL"
        ],
        "socialProviders": [],
        "usernameAttributes": [
          "EMAIL"
        ],
        "verificationMechanisms": [
          "EMAIL"
        ]
      },
      "providerPlugin": "awscloudformation",
      "service": "Cognito",
      "output": {
        "UserPoolId": "us-east-1_nCzVYTJ1w",
        "AppClientIDWeb": "4m83dlqucik8su11m7k0vu47e4",
        "AppClientID": "7d1qiigkmp587oibdu67afh0ds",
        "IdentityPoolId": "us-east-1:504571e7-a904-47ec-b64e-14bcfbd92ce0",
        "UserPoolArn": "arn:aws:cognito-idp:us-east-1:713881813894:userpool/us-east-1_nCzVYTJ1w",
        "IdentityPoolName": "amplifyreactappd7c0f353_identitypool_d7c0f353__dev",
        "UserPoolName": "amplifyreactappd7c0f353_userpool_d7c0f353"
      },
      "lastPushTimeStamp": "2025-05-29T08:18:20.230Z",
      "providerMetadata": {
        "s3TemplateURL": "https://s3.amazonaws.com/amplify-amplifyreactapp-dev-baf7c-deployment/amplify-cfn-templates/auth/amplifyreactappd7c0f353-cloudformation-template.json",
        "logicalId": "authamplifyreactappd7c0f353"
      }
    }
  },
  "storage": {
    "plan": {
      "service": "S3",
      "providerPlugin": "awscloudformation",
      "dependsOn": [],
      "lastPushTimeStamp": "2025-05-29T08:18:20.231Z",
      "providerMetadata": {
        "s3TemplateURL": "https://s3.amazonaws.com/amplify-amplifyreactapp-dev-baf7c-deployment/amplify-cfn-templates/storage/cloudformation-template.json",
        "logicalId": "storageplan"
      },
      "output": {
        "BucketName": "migrationplan-bucketbaf7c-dev",
        "Region": "us-east-1"
      },
      "lastPushDirHash": "dElWGSbE146MPM+JLEBZgw5xcWM="
    }
  }
}